{
  "$defs": {
    "ActivationDetectionConfig": {
      "properties": {
        "icon_only": {
          "default": false,
          "title": "Icon Only",
          "type": "boolean"
        },
        "overlay_mode": {
          "default": false,
          "title": "Overlay Mode",
          "type": "boolean"
        }
      },
      "title": "ActivationDetectionConfig",
      "type": "object"
    },
    "CacheConfig": {
      "properties": {
        "cache_dir": {
          "anyOf": [
            {
              "type": "string"
            },
            {
              "type": "null"
            }
          ],
          "default": null,
          "title": "Cache Dir"
        }
      },
      "title": "CacheConfig",
      "type": "object"
    },
    "HardwareConfig": {
      "properties": {
        "device": {
          "default": "auto",
          "title": "Device",
          "type": "string"
        },
        "auto_detect": {
          "default": true,
          "title": "Auto Detect",
          "type": "boolean"
        },
        "microphone_name": {
          "anyOf": [
            {
              "type": "string"
            },
            {
              "type": "null"
            }
          ],
          "default": null,
          "title": "Microphone Name"
        },
        "onnx_model_dir": {
          "anyOf": [
            {
              "type": "string"
            },
            {
              "type": "null"
            }
          ],
          "default": null,
          "title": "Onnx Model Dir"
        },
        "onnx_execution_provider": {
          "anyOf": [
            {
              "type": "string"
            },
            {
              "type": "null"
            }
          ],
          "default": null,
          "title": "Onnx Execution Provider"
        },
        "quantization": {
          "anyOf": [
            {
              "type": "string"
            },
            {
              "type": "null"
            }
          ],
          "default": null,
          "title": "Quantization"
        },
        "active_device": {
          "anyOf": [
            {
              "type": "string"
            },
            {
              "type": "null"
            }
          ],
          "default": null,
          "title": "Active Device"
        },
        "active_device_name": {
          "anyOf": [
            {
              "type": "string"
            },
            {
              "type": "null"
            }
          ],
          "default": null,
          "title": "Active Device Name"
        },
        "vram_total_gb": {
          "title": "Vram Total Gb",
          "type": "number"
        },
        "vram_used_baseline_gb": {
          "title": "Vram Used Baseline Gb",
          "type": "number"
        },
        "vram_used_model_gb": {
          "title": "Vram Used Model Gb",
          "type": "number"
        }
      },
      "title": "HardwareConfig",
      "type": "object"
    },
    "PerformanceProfile": {
      "properties": {
        "ghost_throttle_ms": {
          "default": 100,
          "title": "Ghost Throttle Ms",
          "type": "integer"
        },
        "ghost_window_s": {
          "title": "Ghost Window S",
          "type": "number"
        },
        "min_padding_s": {
          "title": "Min Padding S",
          "type": "number"
        },
        "tier": {
          "default": "auto",
          "title": "Tier",
          "type": "string"
        }
      },
      "title": "PerformanceProfile",
      "type": "object"
    },
    "PipelineConfig": {
      "properties": {
        "silence_threshold_ms": {
          "default": 400,
          "title": "Silence Threshold Ms",
          "type": "integer"
        },
        "update_interval_ms": {
          "default": 100,
          "title": "Update Interval Ms",
          "type": "integer"
        },
        "performance": {
          "$ref": "#/$defs/PerformanceProfile"
        }
      },
      "title": "PipelineConfig",
      "type": "object"
    },
    "ServerConfig": {
      "properties": {
        "host": {
          "default": "127.0.0.1",
          "title": "Host",
          "type": "string"
        },
        "port": {
          "default": 8123,
          "title": "Port",
          "type": "integer"
        }
      },
      "title": "ServerConfig",
      "type": "object"
    },
    "ShortcutsConfig": {
      "properties": {
        "toggle_listening": {
          "default": "Ctrl+Space",
          "title": "Toggle Listening",
          "type": "string"
        },
        "force_listen": {
          "default": "Ctrl+Shift+L",
          "title": "Force Listen",
          "type": "string"
        }
      },
      "title": "ShortcutsConfig",
      "type": "object"
    },
    "UIConfig": {
      "properties": {
        "verbose": {
          "default": false,
          "title": "Verbose",
          "type": "boolean"
        },
        "show_timestamps": {
          "default": true,
          "title": "Show Timestamps",
          "type": "boolean"
        },
        "shortcuts": {
          "$ref": "#/$defs/ShortcutsConfig"
        },
        "activation_detection": {
          "$ref": "#/$defs/ActivationDetectionConfig"
        }
      },
      "title": "UIConfig",
      "type": "object"
    },
    "VoiceConfig": {
      "properties": {
        "wakeword": {
          "anyOf": [
            {
              "type": "string"
            },
            {
              "type": "null"
            }
          ],
          "default": null,
          "title": "Wakeword"
        },
        "stop_wakeword": {
          "anyOf": [
            {
              "type": "string"
            },
            {
              "type": "null"
            }
          ],
          "default": null,
          "title": "Stop Wakeword"
        },
        "wakeword_sensitivity": {
          "title": "Wakeword Sensitivity",
          "type": "number"
        },
        "stop_wakeword_sensitivity": {
          "title": "Stop Wakeword Sensitivity",
          "type": "number"
        },
        "stop_words": {
          "items": {
            "type": "string"
          },
          "title": "Stop Words",
          "type": "array"
        }
      },
      "title": "VoiceConfig",
      "type": "object"
    }
  },
  "properties": {
    "hardware": {
      "$ref": "#/$defs/HardwareConfig"
    },
    "pipeline": {
      "$ref": "#/$defs/PipelineConfig"
    },
    "voice": {
      "$ref": "#/$defs/VoiceConfig"
    },
    "ui": {
      "$ref": "#/$defs/UIConfig"
    },
    "server": {
      "$ref": "#/$defs/ServerConfig"
    },
    "cache": {
      "$ref": "#/$defs/CacheConfig"
    }
  },
  "title": "BabelfishConfig",
  "type": "object"
}